id_a,id_b,label,sw_raw,sw_norm,global_sim,path_len,combined
d2g3ra2,d7lvsb_,0,37.45064163208008,0.5674339641224254,0.8781530857086182,66,0.8005754145967545
d1nhya1,d2hrkb_,1,85.44727325439453,0.7061758120197895,0.9743155837059021,123,0.904836551344568
d1oo0a_,d3ij6a1,0,94.13378143310547,0.6537068155076768,0.9179620146751404,156,0.8573244084570668
d1xjca_,d4tmza1,1,86.25602722167969,0.5227638013435133,0.9072249531745911,192,0.8447534836967047
d1cvra1,d2bhua1,1,53.57630157470703,0.6533695313988662,0.9376959204673767,90,0.860115722472285
d1daba_,d1ee6a_,1,114.26370239257812,0.5800187938709549,0.9250718355178833,214,0.8711529208044788
d1dkca_,d7kcva2,0,25.220073699951172,0.663686149998715,0.8975889682769775,38,0.8135535765514712
d2uuia1,d3d03a_,0,81.41168212890625,0.5576142611568922,0.9350011944770813,152,0.8679641205353933
d2aeua1,d3f0ha1,1,206.6418914794922,0.5804547513468882,0.9200133085250854,363,0.90069575006685
d2vmha_,d6avaa1,0,24.75003433227539,0.6875009536743164,0.9138017296791077,36,0.8279715768263973
d1ccza1,d3r0na1,1,52.136329650878906,0.5606056951707409,0.9156034588813782,121,0.8397010334542634
d1x1oa2,d3og2a4,0,83.2024917602539,0.4894264221191406,0.8230243921279907,176,0.7678459613255191
d1q40b_,d2i8ta_,0,67.7161865234375,0.4544710504928691,0.8978610634803772,156,0.8294831858712047
d1fjna_,d2llda_,1,27.344573974609375,0.7011429224258814,0.965105414390564,37,0.8751025015290028
d1z1wa4,d6zk9g_,0,62.75975799560547,0.5505241929439076,0.8655211925506592,116,0.798547953265387
d1t2ha_,d4jtdy_,0,24.00891876220703,0.6488896962758657,0.9134930372238159,39,0.8274202181771079
d1odfa_,d1z5za1,1,137.77076721191406,0.5646342918521068,0.9635681509971619,271,0.9144757351087914
d1j98a_,d3cx5b2,1,100.9491195678711,0.6729941304524739,0.9563858509063721,154,0.8944213074914943
d1m1ha1,d1yfsa2,0,51.022926330566406,0.6299126707477334,0.9236055612564087,83,0.846491983926425
d3hoaa_,d4n4ee_,1,142.069580078125,0.44958727872824367,0.8825564384460449,334,0.8431518257961009
d1qbaa1,d3l81a_,0,61.25283432006836,0.5833603268577939,0.9076108336448669,107,0.8358724457000593
d1l3wa3,d6nfra_,0,44.096290588378906,0.45460093390081346,0.8606529831886292,108,0.7872781388416265
d2od5a1,d2ve8a_,1,41.500633239746094,0.6194124364141208,0.9455140233039856,70,0.8626950539533178
d4a2wa3,d4tmza1,0,61.688377380371094,0.6778942569271549,0.9410390257835388,93,0.8661185715050412
d1jfla1,d2hqya1,0,51.79283142089844,0.45037244713824726,0.9076365232467651,127,0.8324040109684109
d1u5tb1,d2foka1,1,74.7657699584961,0.7953805314733627,0.9701534509658813,94,0.897148237713787
d2krra1,d3ci3a1,0,36.96597671508789,0.43489384370691636,0.8721745610237122,94,0.7950158593067039
d1j2ia1,d1m7ga_,1,80.72937774658203,0.4922523033328173,0.9219440817832947,184,0.8559608900621192
d2bhua1,d2cxka1,1,21.72371482849121,0.264923351566966,0.43896356225013733,83,0.3995002537421593
d1vq8a1,d2joya1,1,54.146888732910156,0.5640300909678141,0.9210069179534912,106,0.845306215986494
d1dx5i3,d2hwja1,0,26.442731857299805,0.6610682964324951,0.9307022094726562,42,0.8438067597323149
d2e7ja_,d3f0ha1,1,220.73391723632812,0.6200390933604722,0.9518402218818665,377,0.9345411426137122
d1sr9a2,d1v58a1,0,78.09870147705078,0.462122493947046,0.8583424091339111,187,0.7977484386893541
d1cyxa_,d3pxla3,1,65.84283447265625,0.41672680045984967,0.9080435633659363,185,0.837956007605996
d2foka1,d2od5a1,1,67.29088592529297,0.7394602848933294,0.9621677398681641,92,0.8872022220902285
d2dpwa1,d2yc3a1,1,108.38449096679688,0.4817088487413194,0.8670958876609802,227,0.816804632643015
d1ojza_,d4oh3a_,0,106.22028350830078,0.5010390731523622,0.8542505502700806,226,0.8044450501471276
d2p0ta1,d3ntxa_,0,77.2917251586914,0.5222413862073744,0.9060105085372925,157,0.8403518844275516
d2g1pa_,d2h00a1,1,55.03276062011719,0.22013104248046875,0.48048704862594604,254,0.4491652965726719
d1i58a_,d1r9da_,0,93.8060073852539,0.4963280814034598,0.892275333404541,194,0.8340854184755474
d1sz7a_,d1vdza3,0,75.95299530029297,0.509751646310691,0.8127341866493225,159,0.7559090881746721
d1wzda_,d2v2ba_,0,104.86238098144531,0.5017338802939967,0.9294578433036804,247,0.8716304309586441
d1co3a_,d4hwsa1,0,137.18502807617188,0.47142621332017826,0.9238132238388062,325,0.8784801125055927
d6vk6b_,d6zmbb_,1,124.27574157714844,0.6245012139555198,0.9296268224716187,222,0.8789477133440065
d2z0aa_,d3czza_,0,49.1237907409668,0.6822748714023166,0.9124671220779419,72,0.8357664441583587
d1i58a_,d2cxka1,0,19.226459503173828,0.23446901833138814,0.5272706151008606,85,0.4780548991325899
d2e7ja_,d3ei9a1,1,218.656982421875,0.6007059956644918,0.9607035517692566,378,0.9417515717862424
d1pc6a_,d1u00a1,0,77.82699584960938,0.6948838915143695,0.904492199420929,113,0.8391829671831111
d1m7ga_,d2xaua1,1,105.67476654052734,0.5080517622140738,0.9700318574905396,233,0.9084468839271094
d2vmha_,d2xhia2,0,50.79172134399414,0.34552191390472203,0.6919389367103577,162,0.6379066872931383
d6vk6b_,d7diea_,1,115.76934814453125,0.7059106594178735,0.9562962651252747,164,0.8998106203374416
d1j2ia1,d1vlia1,0,38.91724395751953,0.5405172771877713,0.8733635544776917,81,0.7968061389900452
d1hn0a2,d2uuia1,0,89.88175201416016,0.6156284384531517,0.9195600748062134,149,0.8571932977108112
d1oz2a1,d2g3ra2,1,38.10929489135742,0.5774135589599609,0.932144284248352,75,0.8494105930311219
d1uapa1,d2z0aa_,0,49.51079177856445,0.6876498858133951,0.9042245149612427,75,0.8284909344487004
d1x2ia1,d3bzca1,1,46.175376892089844,0.6790496601777918,0.9517630934715271,69,0.8700445999070889
d1w99a3,d2vmha_,1,93.60492706298828,0.6367682113128454,0.9253649711608887,155,0.8637918765086369
d1deca_,d1t2ha_,0,26.722185134887695,0.6851842342278897,0.8706279993057251,39,0.7898431128964465
d1ly1a_,d2xaua1,1,86.48823547363281,0.5690015491686369,0.9648385643959045,171,0.8966914386290128
d2g1pa_,d2p7ia_,1,110.3992691040039,0.49066341824001736,0.9518317580223083,268,0.8938105425300694
d1v58a1,d3ea6a1,0,52.158477783203125,0.6209342593238467,0.8465966582298279,91,0.7776030874351754
d1q40b_,d2dpwa1,0,111.25911712646484,0.5427274006169017,0.8762536644935608,220,0.8261076162889767
d3zhoa_,d6ohka1,1,104.0328598022461,0.6229512563008748,0.9544716477394104,175,0.8938366902316762
d1m2da_,d2i53a1,0,11.416182518005371,0.1130315100792611,0.21032482385635376,124,0.1899210225074984
d2glia2,d6zk9g_,0,17.857784271240234,0.5411449779163707,0.858123242855072,36,0.7753171051371839
d1fjge1,d2bhua1,0,52.651493072509766,0.6500184329939477,0.9404376745223999,94,0.8622419671782976
d3epqa1,d6zm8a_,0,54.1220703125,0.4586616128177966,0.9079486727714539,129,0.8335446351891949
d1q25a1,d5s5df1,0,55.5606689453125,0.731061433490954,0.9027630090713501,76,0.8294085045871287
d2x4ka1,d3ej9b_,1,49.081031799316406,0.8318818949036679,0.9541187286376953,59,0.8732371083320389
d1ly1a_,d2r42a2,0,75.67597198486328,0.49786823674252156,0.9016730785369873,170,0.8358518454244046
d1tuza_,d2ve8a_,0,42.07063674926758,0.6279199514816056,0.9160931706428528,68,0.8364266669184012
d1n52a3,d1z1wa4,1,163.99380493164062,0.5635525942668063,0.8856990933418274,307,0.8540721413792716
d1daba_,d1h80a_,1,280.65234375,0.6048541891163793,0.9425504207611084,477,0.9482953786813068
d1tuza_,d2l9va_,0,40.15971374511719,0.81958599479831,0.9683690071105957,49,0.8827696246613104
d2llda_,d6avaa1,1,27.381813049316406,0.7606059180365669,0.9497209787368774,36,0.8612702538647382
d1e5ka_,d2dpwa1,1,107.2203140258789,0.57032081928659,0.9022579193115234,216,0.8480207796266138
d1e5ka_,d2yc3a1,1,103.4259262084961,0.5501379053643409,0.9071175456047058,221,0.8509939875703698
d1ut7a1,d2cxka1,0,19.67243194580078,0.23990770665610708,0.4963860511779785,82,0.4504233938219974
d2v4ja1,d6ly5c_,1,32.118473052978516,0.40148091316223145,0.8252704739570618,81,0.7510130348291958
d2f6mb2,d3gmza_,0,56.06425094604492,0.5289080277928766,0.8970586657524109,128,0.8244604607059743
d1m7ga_,d2cwqa1,0,66.73375701904297,0.5703739916157519,0.9410595893859863,128,0.8679992581330003
d1vq8l1,d1wi5a1,0,50.752525329589844,0.4787974087697155,0.8339719176292419,111,0.765721903416882
d1uufa2,d2b5xa1,0,56.3470458984375,0.3940352860030594,0.9007266163825989,149,0.8278659919531627
d1o7fa1,d2p8ta1,1,44.37776184082031,0.6431559687075408,0.9307921528816223,73,0.8505072786861153
d1swva_,d2disa1,0,35.8409423828125,0.37334314982096356,0.8732328414916992,100,0.7955530772179312
d2glia2,d6ohka1,0,20.191204071044922,0.6118546688195431,0.931649386882782,33,0.8423518675257007
d1v58a1,d2b5xa1,1,81.6002197265625,0.5706309071787588,0.9502242803573608,166,0.8817344844302276
d1j98a_,d3weoa4,0,101.38851165771484,0.6626700108347375,0.9521356821060181,153,0.8907583290745726
d1hw1a1,d2ve8a_,1,30.155960083007812,0.45008895646280317,0.8518399596214294,75,0.774201235710889
d1t77a2,d1u5ea1,1,65.79894256591797,0.5981722051447088,0.8272273540496826,110,0.7652052193296285
d1m2da_,d2a4ha1,1,53.810333251953125,0.5327755767520111,0.898216187953949,101,0.8246703410442169
d1ly1a_,d1m7ga_,1,93.766845703125,0.6168871427837171,0.9714493155479431,155,0.905327548372922
d2k2ca1,d5u1ma_,0,22.152963638305664,0.27015809315006906,0.562981903553009,105,0.5112751906746908
d1jx4a2,d1vq8t1,0,54.96033477783203,0.46185155275489104,0.7838754057884216,123,0.7221880866487835
d1vdza3,d2a0ba_,0,80.47377014160156,0.6819811028949285,0.9375895857810974,119,0.8699475024515656
d2cala_,d3pxla3,1,86.85511016845703,0.5676804586173663,0.9131644368171692,175,0.8503201321505919
d1ee6a_,d3epqa1,0,52.57598876953125,0.4455592268604343,0.8966303467750549,122,0.8227875046185853
d1y60a_,d2wp8b1,1,98.55913543701172,0.6570609029134115,0.8752172589302063,150,0.8204874648422311
d1x1oa2,d3ij6a1,0,87.26347351074219,0.5133145500631894,0.8529999256134033,181,0.7963227932918401
d1vkha1,d2v2ff_,0,112.65302276611328,0.43162077688166006,0.8795213103294373,290,0.8295629687077059
d1pd3a_,d1wi5a1,0,33.95616149902344,0.628817805537471,0.8956273794174194,58,0.8150125149657098
d3chma1,d3l81a_,0,52.52083969116211,0.6252480915614537,0.802211582660675,92,0.7377902621585711
d2b5la1,d2it9a1,0,84.21692657470703,0.6903026768418609,0.9322696924209595,125,0.8665411453568267
d1ve4a1,d3pu5a1,1,117.32219696044922,0.5695252279633457,0.9520742297172546,227,0.8965839233503096
d1bkba1,d1nppa2,1,31.256561279296875,0.5389062289533944,0.918276846408844,62,0.8344006503991745
d2ylba_,d6qm7k_,0,20.31764030456543,0.3125790816086989,0.6373850107192993,68,0.577560594832186
d1q40b_,d2owpa1,1,74.4485855102539,0.5816295742988586,0.9533869624137878,128,0.8819413296527163
d3bzca1,d4wn5a1,0,37.304561614990234,0.41449512905544705,0.8259037733078003,107,0.7534971173353526
d1ee6a_,d2xhia2,0,54.55181121826172,0.28711479588558797,0.7120910882949829,200,0.6574314205460816
d1odfa_,d3l0ob2,1,163.05848693847656,0.5741496018960442,0.9519155025482178,289,0.913321696814706
d1j98a_,d1q2la1,1,97.8790054321289,0.6355779573514864,0.9630140066146851,163,0.899253511241839
d1krha1,d2f48a_,0,59.98214340209961,0.5998214340209961,0.9322360157966614,103,0.857566115308681
d2fk4a1,d3mkua_,0,36.71036911010742,0.5647749093862681,0.8529449105262756,66,0.7776148326504351
d2od5a1,d2p8ta1,1,47.86692810058594,0.6937235956606658,0.9540311694145203,74,0.8727101962580344
d1w99a3,d2o14a1,1,100.99614715576172,0.6917544325737104,0.9528642892837524,150,0.8912692592591359
d1j2ia1,d1ly1a_,1,73.73945617675781,0.48512800116288035,0.9026274085044861,164,0.8359960013694427
d2eyqa5,d2xaua1,1,106.84532165527344,0.5063759320155139,0.9541913866996765,245,0.8946224958123894
d1fjge1,d2wp8b1,1,56.63026809692383,0.6991391123077015,0.9316366314888,82,0.8557895389193483
d2b5xa1,d3c0na1,0,48.957115173339844,0.5898447611245764,0.8640015125274658,93,0.7920858779312805
d1nwza_,d4wn5a1,1,48.605716705322266,0.45425903462918005,0.8234286308288574,109,0.7554405881199553
d1w0na_,d3og2a4,1,76.29581451416016,0.635798454284668,0.9510144591331482,123,0.8804878632094213
d1j7qa_,d1tuza_,1,66.81414794921875,0.776908697083939,0.9699246883392334,90,0.8940075183640942
d1qbaa1,d1v8ha1,1,68.62197875976562,0.6535426548549107,0.9714998602867126,105,0.8960924183014162
d1o7fa1,d2foka1,1,88.73958587646484,0.6384142868810421,0.9295785427093506,142,0.8657883612027923
d1o7fa1,d4ph2a_,0,86.0185546875,0.6773114542322834,0.9409289956092834,142,0.8749994740815183
d2pkfa1,d3rpza1,1,141.86468505859375,0.5140024820963541,0.9299408197402954,320,0.8857221450616483
d2bhua1,d6nfra_,1,53.04834747314453,0.5468901801355106,0.9131215810775757,98,0.8378039565124511
d1cvra1,d1v8ha1,1,60.33427429199219,0.735783832829173,0.9647093415260315,86,0.8869220750744095
d2la6a1,d6f4jc_,1,41.32268524169922,0.4642998341763957,0.7569727301597595,89,0.6929422119947249
d2p8ta1,d2ve8a_,1,43.34054946899414,0.6468738726715544,0.9295207858085632,67,0.8489802276733961
d1qbaa1,d2cxka1,1,19.450130462646484,0.23719671295910347,0.4705786406993866,81,0.427114676008586
d1v8ha1,d6nfra_,1,58.08076095581055,0.5987707315032015,0.9465107321739197,102,0.8697115862572425
d1zt5a_,d6qm7k_,0,40.31367492675781,0.5039209365844727,0.8822723627090454,81,0.8053394696286994
d2krra1,d2la6a1,1,48.569156646728516,0.5714018429026885,0.9466238617897034,89,0.8663028021760579
d3og2a4,d3qjhb1,0,50.12881088256836,0.4359027033266814,0.852181077003479,122,0.7818799425342939
d2w40a1,d3epqa1,1,63.574039459228516,0.5387630462646484,0.9386782050132751,150,0.8646898044340058
d2j9qb_,d3txna1,1,137.13046264648438,0.4811595180578399,0.9355261325836182,289,0.8890015910354544
d1jx7a1,d1ouva1,0,63.27452087402344,0.5454700075346848,0.9301244616508484,118,0.8568808872677482
d1xjca_,d2eyqa5,1,77.41161346435547,0.46916129372336646,0.9102365374565125,209,0.844199559559454
d1914a2,d1vkha1,0,38.202552795410156,0.39384075046814593,0.7504399418830872,101,0.6859111050964865
d1cyxa_,d6ly5f1,0,77.53387451171875,0.4938463344695462,0.8429251313209534,158,0.7836644188879847
d1nria_,d1vq8a1,0,65.11992645263672,0.4429926969567124,0.8449354767799377,172,0.7808919143923183
d1fjge1,d1y60a_,1,62.796897888183594,0.7752703442985629,0.9259081482887268,82,0.8529099212469582
d1e0fi_,d1ut7a1,0,37.804927825927734,0.6632443478232936,0.883361279964447,64,0.8053935515289808
d1v8ha1,d2bhua1,1,60.16426467895508,0.6202501513294338,0.9531272649765015,105,0.8764354579984367
d1j2ia1,d2g0ta1,1,80.82474517822266,0.4928338120623333,0.9074547290802002,175,0.842955671420702
d1xk5a_,d2c5sa1,0,91.7806167602539,0.4499049841188917,0.8873741626739502,217,0.8289268213346532
d2gsva1,d3ryca1,0,43.26272964477539,0.6457123827578416,0.8232102394104004,69,0.7532720137012933
d1sfpa_,d2g0ta1,0,67.51677703857422,0.6082592525997678,0.9374107718467712,111,0.8650043241361608
d5n3ja_,d6fuca_,1,95.6261978149414,0.3515669037314022,0.8084304332733154,331,0.7592968153053963
d1j26a1,d6luja1,0,22.535289764404297,0.3466967656062199,0.7657963037490845,65,0.6939492621017771
d1t1ea2,d2foka1,0,96.79985809326172,0.6964018567860555,0.9263668656349182,141,0.8658727861005425
d1ez3a_,d3bvxa3,0,68.67142486572266,0.5538018134332472,0.8988285064697266,127,0.8307064497354771
d2bhua1,d6uyba_,1,64.72537231445312,0.6672718795304445,0.8966056704521179,97,0.827249464257633
d1j2ia1,d1z5za1,1,71.13217163085938,0.4337327538467035,0.9154443740844727,206,0.8465689579626575
d1cvra1,d1qbaa1,1,55.07668685913086,0.67166691291623,0.9608285427093506,86,0.8814888538110401
d1hw1a1,d1sd4a_,1,33.58610916137695,0.4538663400186075,0.8406392931938171,76,0.7653866561982986
d3gmza_,d3mkua_,0,120.22173309326172,0.3816562955341642,0.8979548215866089,317,0.8489466344536728
d2eyqa5,d2g0ta1,1,113.64517211914062,0.5386027114651214,0.9517991542816162,218,0.8949792167787359
d1u5ea1,d5u1ma_,1,40.084312438964844,0.38175535656156995,0.8051130771636963,105,0.7358114581366937
d1ufoa_,d2pkfa1,0,115.93910217285156,0.4871390847598805,0.8869379162788391,265,0.8374507602242846
d1svva_,d2aeua1,1,187.85020446777344,0.5525006013758043,0.8947092294692993,361,0.8709863288476906
d1o7fa1,d5m0yb1,0,61.461219787597656,0.6469602082905016,0.9420631527900696,97,0.8669564451057838
d1t77a2,d5u1ma_,1,31.67679214477539,0.3016837347121466,0.5646225810050964,113,0.5162669128980372
d1txda2,d2hbaa1,0,25.899988174438477,0.4980766956622784,0.87441486120224,53,0.7929478271513619
d2qyfa_,d2uuia1,0,81.97028350830078,0.5614402980020602,0.9156138300895691,152,0.8507216645792393
d1v92a_,d2k4xa1,0,24.32012939453125,0.5286984650985055,0.8754381537437439,50,0.7932856865569382
d1gvna_,d2a73a3,0,55.683780670166016,0.6327702348882501,0.8856715559959412,89,0.8140716356430133
d1j2ia1,d2xaua1,1,68.3586196899414,0.41682085176793543,0.9194151163101196,169,0.8491189465561441
d1evsa_,d1hula_,1,86.94872283935547,0.8050807670310691,0.9790010452270508,112,0.909607630853092
d1fjna_,d6avaa1,1,26.988636016845703,0.7496843338012695,0.9611883759498596,37,0.8714457951873221
d2e2dc2,d2yima_,0,80.5391616821289,0.44993945073815034,0.8281951546669006,194,0.7715166495560536
d1kjqa3,d2dy0a_,0,75.70171356201172,0.4159434811099545,0.9193222522735596,187,0.8517456026450858
d3d03a_,d6qm7k_,0,116.48892974853516,0.5654802414977435,0.9481120109558105,214,0.89271037913736
d1p35a_,d1y60a_,0,134.61163330078125,0.8012597220284599,0.9467946887016296,170,0.8982136266958611
d1j97a_,d1uwca1,0,98.77688598632812,0.47036612374441966,0.8705229163169861,227,0.8163429251866876
d1txda2,d4wsbc6,0,60.91507339477539,0.5343427490769771,0.8089218735694885,114,0.7469277187768066
d5m0yb1,d6avaa1,0,26.707073211669922,0.7418631447686089,0.9435940980911255,36,0.8555070242028268
d1ne9a1,d1ylea1,1,101.16899108886719,0.6168840920052877,0.9619720578193665,167,0.8995300452306638
d1ly1a_,d1z5za1,1,87.02262878417969,0.5725172946327611,0.9620324373245239,157,0.8943631613961763
d1j2ia1,d1odfa_,1,80.0130386352539,0.4878843819222799,0.9085733890533447,184,0.8436628758116347
d1v8ha1,d3vypa1,1,68.81639099121094,0.6492112357661409,0.9655864834785461,107,0.8908421340221974
d1q90l_,d2bhua1,0,17.748537063598633,0.5546417832374573,0.833945095539093,32,0.7535164509293393
d1qbaa1,d3vypa1,1,65.89891052246094,0.6276086716424851,0.96799635887146,106,0.8919342204502916
d1ufoa_,d6v7na1,1,77.3816146850586,0.32513283481117056,0.674348771572113,268,0.6318894981316819
d1fpoa2,d3brfa3,0,77.51579284667969,0.8159557141755757,0.9626328349113464,95,0.891394678428495
d1w0na_,d2o14a1,1,79.36383819580078,0.6613653182983399,0.9680985808372498,125,0.8969959375727427
d1ly1a_,d1ufoa_,0,87.91435241699219,0.5783838974802118,0.9189720749855042,154,0.8559379580698655
d3qf2a_,d4a2wa3,1,58.47990036010742,0.6497766706678603,0.9525376558303833,89,0.8752831343455962
d1m2da_,d1v58a1,1,53.65055847167969,0.5311936482344524,0.918857991695404,104,0.8431889937644202
d6fmea1,d6zm8a_,1,101.1930923461914,0.48650525166438174,0.9271626472473145,226,0.8682104711543716
d1v58a1,d2c0ga2,1,69.95250701904297,0.5733812050741227,0.94054114818573,133,0.8687206568681808
d1v8ha1,d2l9va_,0,35.46118927001953,0.7236977402044802,0.9362576007843018,49,0.8521351989940463
d1z4ea1,d4kvxa_,1,68.529296875,0.45686197916666665,0.8625134825706482,163,0.7979704707635551
d2vxxa_,d4cvra_,1,101.41557312011719,0.6500998276930589,0.9545834064483643,154,0.8929712689917229
d1dkca_,d3og2a4,0,23.345937728881836,0.6143667823389957,0.914374053478241,38,0.8279684357363313
d1m7ga_,d1z5za1,1,106.84417724609375,0.5136739290677584,0.9501680135726929,232,0.8910010376126077
d1mixa2,d1txda2,1,47.60103988647461,0.5174026074616805,0.934403657913208,113,0.8549473002685678
d1m7ga_,d2g0ta1,1,119.94841766357422,0.5766750849210299,0.9617738723754883,212,0.9062829032435071
d1o7fa1,d2od5a1,1,58.002506256103516,0.6373901786385002,0.9476558566093445,92,0.87071331552888
d2dxua2,d2i5ia1,0,30.125917434692383,0.6409769666955826,0.9273550510406494,47,0.8421537296649302
d1pt7a_,d2znra1,0,70.97724914550781,0.41027311644802206,0.8652679324150085,175,0.8013529807275384
d1vq8t1,d6e85a1,0,58.3202018737793,0.4900857300317588,0.826817512512207,126,0.7620760628711645
d1t2ha_,d2y7pa1,0,48.4908561706543,0.5051130851109823,0.8994510173797607,106,0.8238183425914447
d1uwca1,d1vkha1,1,138.3870849609375,0.5322580190805288,0.9503114223480225,274,0.9027721536257087
d1e0fi_,d2joya1,0,38.78279495239258,0.6803999114454838,0.8797323107719421,59,0.8024883963988
d1t77a2,d1zc3b_,1,58.97687530517578,0.5410722505061998,0.9299604892730713,109,0.8551471109776405
d2foka1,d2p8ta1,1,51.4473876953125,0.7456143144248188,0.9392611980438232,70,0.8607387198157186
d1l3wa3,d1nhya1,0,47.71583557128906,0.42226403160432796,0.8620402216911316,115,0.7898625771578445
d1gdta1,d1rkta1,1,23.2491455078125,0.5406778025072675,0.9424183368682861,47,0.853172566126061
d1gdta1,d3ov9a_,0,27.846023559570312,0.6475819432458212,0.8867455720901489,44,0.8047637215195452
d1u5tb1,d3epqa1,0,55.36508560180664,0.5889902723596451,0.9031811356544495,101,0.8297126314226291
d2b5xa1,d2c0ga2,1,67.75953674316406,0.5554060388783939,0.9470985531806946,134,0.8738129265640947
d1wf3a2,d2ylba_,0,20.26799964904785,0.3118153792161208,0.6463645696640015,71,0.5856238762075351
d1deca_,d2eyqa5,0,25.405410766601562,0.6514207888872195,0.82624351978302,39,0.749411078238054
d1vkha1,d6v7na1,1,88.96691131591797,0.3408693920150114,0.729720413684845,295,0.6859999477357452
d1w99a3,d3og2a4,1,112.67938232421875,0.6628198960248162,0.9497904777526855,184,0.8928149483345634
d1uwca1,d6v7na1,1,82.76747131347656,0.318336428128756,0.7304855585098267,292,0.6844004510783706
d3nira_,d6v7na1,0,22.084882736206055,0.4801061464392621,0.5949661135673523,46,0.5400358519744181
d1ghea_,d2hqya1,1,78.2907485961914,0.477382613391411,0.9323109984397888,160,0.8643910509827492
d1n52a3,d3vypa1,0,61.657447814941406,0.55547250283731,0.8860365152359009,112,0.8166048963401507
d1v8ha1,d6uyba_,1,74.3676528930664,0.7015816310666642,0.898783266544342,107,0.8327681322679087
d2f9wa2,d2w40a1,1,62.9586067199707,0.552268479999743,0.9108346700668335,132,0.8394034753258494
d2euia1,d3chma1,0,44.405845642089844,0.5286410195486886,0.8419169187545776,113,0.7705299333118572
d5tzma_,d7k3ka_,0,42.898075103759766,0.48747812617908826,0.8954253792762756,89,0.8181310506660031
d1qbaa1,d6nfra_,1,54.694801330566406,0.5638639312429526,0.9456743597984314,105,0.8677091405590107
d1ylea1,d4kvxa_,1,57.00591278076172,0.37503889987343236,0.8024393916130066,183,0.7396506682544292
d1pt7a_,d1q2la1,0,128.7148895263672,0.5620737533902497,0.9411019682884216,240,0.8909137722879177
d1ylea1,d2euia1,1,82.47675323486328,0.5390637466330933,0.9569233059883118,200,0.8880871238134012
d1m1ha1,d1w99a3,0,56.92689514160156,0.7028011745876737,0.9387637972831726,82,0.8623134690470028
d1fnoa3,d7d59k_,0,47.148868560791016,0.4406436314092618,0.8422834873199463,112,0.771872256593192
d1t4wa_,d3brfa3,0,127.88838195800781,0.7943377761366945,0.964950680732727,163,0.9120725610504749
d1bkba1,d2joya1,1,36.592472076416016,0.5153869306537467,0.9314455986022949,72,0.8482219377650116
d1cvra1,d6xlra3,1,54.80910873413086,0.6684037650503764,0.9513599276542664,98,0.8728683409005957
d1t1ea2,d1y60a_,0,120.54766845703125,0.717545645577567,0.9290676116943359,170,0.8770684437559096
d1vcsa1,d2qqra2,0,36.944435119628906,0.6597220557076591,0.9475141763687134,57,0.8628135624142108
d1fo8a_,d2dpwa1,1,93.88472747802734,0.40642739167977204,0.8157835602760315,312,0.7652718771502356
d1swva_,d2ilka_,0,82.94400787353516,0.5351226314421623,0.8922082781791687,196,0.8300160559674555
d1hw1a1,d2foka1,1,30.294740676879883,0.4093883875254038,0.7686302065849304,77,0.6993636799632142
d1rkta1,d6ly5c_,0,30.283222198486328,0.3785402774810791,0.8024340867996216,83,0.7297829208464148
d1ufoa_,d4oh3a_,0,106.0069351196289,0.4454072904186088,0.833021879196167,247,0.7852605022604604
d1xk5a_,d6f4jc_,0,27.82911491394043,0.3024903794993525,0.6844749450683594,93,0.622713916454225
d1rkia1,d2rl6a_,0,66.98016357421875,0.6834710568797832,0.8977474570274353,103,0.8291092842394893
d1bkba1,d2fk4a1,0,36.65718078613281,0.5639566274789664,0.8877794742584229,71,0.8089463089394459
d1gpra_,d1n52a3,0,71.55148315429688,0.45285748831833467,0.8523122668266296,163,0.7899048234764854
d1h32a2,d1h32b_,1,66.75857543945312,0.6014286075626407,0.9666695594787598,125,0.891057391349962
d1fo8a_,d2yc3a1,1,81.73470306396484,0.36326534695095486,0.8684986233711243,234,0.8082310290702501
d1e5ba_,d2fzpa1,0,62.46758270263672,0.7180181919843301,0.9112571477890015,87,0.839602475146757
d1t77a2,d1txda2,1,66.9032974243164,0.6082117947665128,0.9229033589363098,113,0.8517212257316337
d1o7fa1,d1u5tb1,1,63.181697845458984,0.6721457217602019,0.9532944560050964,94,0.8776996224989573
d1sfpa_,d4hwsa1,0,59.85905456542969,0.5392707618507179,0.8873319029808044,123,0.817106983398367
d1vi7a2,d2asfa1,0,42.19945526123047,0.602849360874721,0.9394993185997009,73,0.8575397451989927
d1cyxa_,d2bhua1,0,49.70604705810547,0.5124334748258296,0.8873018026351929,101,0.8133325593607023
d1hn0a2,d2o14a1,1,99.12184143066406,0.678916722127836,0.9632247686386108,152,0.8999019105283828
d1x7yb1,d2dy0a_,0,73.93112182617188,0.40621495508885647,0.903577983379364,192,0.8369222598797725
d1rh6a_,d1x6za2,0,32.933631896972656,0.5987933072176846,0.9190731048583984,55,0.8357362664215439
d1deca_,d1r9da_,0,29.910795211791992,0.7669434669690255,0.8881178498268127,39,0.8067608499548127
d1ghea_,d1ne9a1,1,86.16490173339844,0.5253957422768197,0.943939745426178,170,0.877763163574005
d1i58a_,d6q7da_,0,66.83726501464844,0.35363632282882773,0.8850567936897278,213,0.8176349453665667
d1nria_,d1pd3a_,0,32.394832611083984,0.5999043076126663,0.7867030501365662,60,0.7164043538563275
d1vl5a_,d3gu3a_,1,155.6509246826172,0.6738135267645766,0.9692873954772949,249,0.9262223723460649
d1t6ua_,d2bk9a_,0,75.63036346435547,0.6464133629432092,0.9027515053749084,120,0.83680559610855
d3d03a_,d4i0ua2,0,28.852569580078125,0.4508213996887207,0.845171332359314,64,0.7677184078854077
d1cvra1,d6uyba_,1,60.03839874267578,0.7321755944228754,0.9099066853523254,82,0.8374904809718308
d1nria_,d4jtdy_,0,19.46868896484375,0.5261807828336149,0.796265184879303,40,0.720239415455311
d3qx1a1,d4wn5a1,0,27.2056827545166,0.34007103443145753,0.8548208475112915,85,0.775795128521885
d1rkia1,d5xk6a1,0,68.66952514648438,0.7007094402702487,0.8893429040908813,98,0.8221687064345924
d1ly1a_,d1sz7a_,0,72.38688659667969,0.476229517083419,0.8799098134040833,159,0.8150509511767702
d1nppa2,d1vq8a1,1,30.504589080810547,0.5259411910484577,0.8638370037078857,68,0.7851272494983759
d2g3ra2,d2ns9a1,0,38.69108963012695,0.5862286307594993,0.8616325259208679,67,0.7861647428750538
d1ecsa_,d6lgta1,1,70.34153747558594,0.5861794789632161,0.942510187625885,151,0.8706363780899717
d1i8ua_,d3ryca1,0,96.03404998779297,0.5081166666020792,0.9097087383270264,212,0.850597822412852
d1cyxa_,d2cala_,1,75.9212417602539,0.4962172664068883,0.917142927646637,159,0.8498652352826811
d1nhya1,d1vkha1,0,84.68600463867188,0.5880972544352213,0.9548669457435608,178,0.8870518035303419
d1luza_,d1u5ea1,0,57.82484436035156,0.6802922865923713,0.8010850548744202,87,0.738734021435033
d1c8ua1,d2q78a1,1,52.313331604003906,0.4588888737193325,0.7785215973854065,123,0.7163926870646677
d1wzza1,d2jg0a_,1,177.95481872558594,0.5578520963184512,0.9720471501350403,370,0.9369382083272929
d2cwqa1,d3qx1a1,0,33.132286071777344,0.4141535758972168,0.8481066823005676,81,0.7719398066098672
d1j2ia1,d4tmza1,1,87.35004425048828,0.5326222210395627,0.9123286008834839,215,0.8497505530897648
d1e5ka_,d1fo8a_,1,75.56307983398438,0.40193127571268283,0.848655641078949,213,0.7880944847909004
d6lgta1,d6wfia_,1,91.75041198730469,0.637155638800727,0.9239537715911865,159,0.8618373211989638
d1xjca_,d3l0ob2,1,82.4317855834961,0.4995865792939157,0.892179012298584,192,0.8298006625585403
d3bzca1,d3rpza1,0,52.96044921875,0.5884494357638889,0.9226987957954407,99,0.8463910077365016
d1eera_,d1t1ea2,0,110.52265930175781,0.6657991524202278,0.9151317477226257,173,0.8608260748645786
d1rkta1,d7lvsb_,0,36.49156951904297,0.45051320393880206,0.8645085692405701,96,0.7879413696102404
d1ee6a_,d1h80a_,1,115.09786987304688,0.5842531465636898,0.9054864645004272,225,0.8538339664930089
d1b0nb_,d1mp1a1,0,20.815196990966797,0.6714579674505419,0.940351665019989,33,0.8504142249490592
d1uila1,d4kvxa_,0,29.138486862182617,0.29138486862182617,0.7563722133636475,106,0.6879047288777563
d1z5za1,d2xaua1,1,126.77287292480469,0.5195609546098553,0.9569439888000488,269,0.9044548194563852
d1u3oa_,d2g6fx1,1,33.73514175415039,0.6247248472990813,0.8798652291297913,60,0.8007450043959217
d1kqfb2,d1nwza_,0,30.24034309387207,0.6720076243082682,0.9281432628631592,47,0.8429053532230238
d1xmxa1,d4i43b3,1,132.6075897216797,0.7129440307617188,0.8969762325286865,197,0.8526373515543096
d2wqpa1,d6ly5f1,0,87.47684478759766,0.5571773553350169,0.8794400095939636,212,0.8201976212421993
d2aeua1,d2eyqa5,0,109.2656478881836,0.5178466724558464,0.9068741202354431,214,0.8529302647127549
d1hw1a1,d1o7fa1,1,27.39973258972168,0.3702666566178605,0.8060106039047241,84,0.7319375303686982
d1hw1a1,d4ph2a_,0,29.52070426940918,0.398928436073097,0.7693999409675598,74,0.6997707548452735
d1wvfa1,d5fp1a_,0,139.81753540039062,0.5011381197146617,0.904497504234314,303,0.8620675866666638
d1ylea1,d1z4ea1,1,77.6894760131836,0.5179298400878907,0.9342674016952515,194,0.8659298925728488
d2a2ra1,d3fdea1,0,47.38911056518555,0.3563091019938763,0.7417622208595276,135,0.6814917867581259
d1hn0a2,d2b5xa1,0,77.87039947509766,0.5445482480776059,0.9185417890548706,147,0.851843617527586
d2h00a1,d2p7ia_,1,45.92660140991211,0.20411822848849825,0.40038374066352844,253,0.3737113628127277
d2h00a1,d3e05a_,1,46.43047332763672,0.24309148339076816,0.4115684926509857,224,0.383963611711656
d1hw1a1,d1u5tb1,1,30.789430618286133,0.4160733867335964,0.7969329357147217,83,0.7250187193506102
d1txda2,d5u1ma_,1,34.17695617675781,0.3254948207310268,0.6756379008293152,103,0.6171034764781911
d2euia1,d2hqya1,1,73.76918029785156,0.4821515052147161,0.9413365125656128,154,0.8708451657837503
d1xk5a_,d2cala_,0,87.09209442138672,0.5692293753031812,0.913009762763977,168,0.8502683930913166
d1sd4a_,d1u5tb1,1,60.900001525878906,0.6478723566582862,0.9428447484970093,106,0.8674527433945874
d1ujta1,d3i4hx2,0,41.99580764770508,0.3924841836234119,0.7671450972557068,107,0.7023457824903107
d1odfa_,d6ly5f1,0,107.2920150756836,0.6833886310553096,0.9339621067047119,182,0.8765810121397855
d1z5za1,d3ij6a1,0,129.44168090820312,0.5304986922467341,0.9486693143844604,279,0.8979926323554162
d2i49a_,d3pu5a1,1,184.36294555664062,0.5743393942574474,0.9785679578781128,322,0.9451720856991392
d1odfa_,d1sz7a_,0,79.22283172607422,0.49825680330864286,0.8907293677330017,161,0.8273116022539544
d2bhua1,d6xlra3,1,57.42526626586914,0.5920130542873108,0.9387798309326172,102,0.8625118411754336
d4cvra_,d7diea_,1,116.9615707397461,0.7497536585881159,0.9487127065658569,159,0.8934254503964213
d1mixa2,d1zc3b_,1,50.83390426635742,0.5525424376777981,0.9459760189056396,103,0.8665556303982899
d1cvra1,d3vypa1,1,56.155208587646484,0.6848196169225181,0.9657223224639893,91,0.8862913229456499
d1gpra_,d1t1ea2,0,85.09146118164062,0.5385535517825356,0.9081186652183533,162,0.8451279994231319
d3vypa1,d6uyba_,1,74.94835662841797,0.6752104200758375,0.8980433940887451,111,0.8323165767223659
d2gsva1,d2o70a1,0,44.088436126708984,0.6580363601001341,0.8740410208702087,70,0.7993244737825911
d1r9fa1,d2hqya1,0,62.51565933227539,0.5124234371497983,0.7947896122932434,130,0.7347994376152791
d1qbaa1,d6xlra3,1,61.606719970703125,0.6039874506931678,0.9608664512634277,103,0.8839331158238204
d2f9wa2,d3epqa1,1,69.8095703125,0.6123646518640351,0.9310798645019531,117,0.8601527456042793
d1v58a1,d6fmea1,0,86.68299102783203,0.5129171066735623,0.929180383682251,209,0.8646709575505045
d1odfa_,d2eyqa5,1,113.85424041748047,0.5395935564809501,0.9437326788902283,230,0.8877965531248753
d1unld_,d6fmea1,0,53.46626281738281,0.3564417521158854,0.7355242967605591,158,0.678120647362717
d1uufa2,d3u95a1,1,71.22161102294922,0.4239381608508882,0.8762528300285339,177,0.8113295791468091
d1o7fa1,d2ve8a_,1,37.99930953979492,0.5671538737282824,0.9290710091590881,70,0.8466040513886756
d2a73a3,d7diea_,0,71.70586395263672,0.5877529832183338,0.9343079328536987,133,0.863757902704314
d1ne9a1,d2euia1,1,81.32405853271484,0.5315297943314695,0.9441679120063782,154,0.8761818256622516
d1xjua1,d2a2ra1,0,46.39262771606445,0.3488167497448455,0.7370665669441223,138,0.6768979102871124
d2p7ia_,d3gu3a_,1,154.4685821533203,0.6865270317925347,0.970481276512146,237,0.926860479109761
d2g0ta1,d2xaua1,1,148.94659423828125,0.5557708740234375,0.96296626329422,290,0.9180588783481309
d2cxka1,d3vypa1,1,23.747949600219727,0.28960914146609423,0.466035932302475,91,0.4246125036632743
d2owpa1,d7cohf_,0,52.885868072509766,0.5811633854121953,0.9337275624275208,95,0.8562893708425722
d2o14a1,d3og2a4,1,91.95765686035156,0.6298469647969285,0.9608407020568848,167,0.8951120498155898
d3l0ob2,d6zk9g_,0,59.257625579833984,0.5198037331564385,0.8874564170837402,118,0.8169970670251748
d2r42a2,d7d59k_,0,48.576698303222656,0.45398783460955755,0.9096613526344299,118,0.8330393274567331
d2q78a1,d3qy3a1,1,66.95597076416016,0.5150459289550782,0.9168729782104492,127,0.8463133240748075
d1o7fa1,d1sd4a_,1,70.21287536621094,0.575515371854188,0.9208434224128723,129,0.8510888020048499
d1x4ka1,d6m0rd1,0,19.49222755432129,0.6091321110725403,0.8729516863822937,34,0.789265954573688
d1ly1a_,d4tmza1,1,89.18787384033203,0.5867623278969213,0.9641569256782532,170,0.8970743627214605
d1zc3b_,d5u1ma_,1,39.38221740722656,0.37506873721168155,0.6815067529678345,109,0.6243066328583673
d1utya_,d2eyqa6,0,105.29047393798828,0.6881730322744332,0.8959637880325317,158,0.8416437843652061
d1fjge1,d3ci3a1,0,52.48349380493164,0.6479443679621191,0.92104172706604,82,0.8447236082766999
d1pd3a_,d1y60a_,0,44.28648376464844,0.8201200697157118,0.9621309041976929,54,0.8786784654033848
d1j97a_,d1swva_,1,109.18567657470703,0.5199317932128906,0.9213675260543823,230,0.8659448136513107
d1hbga_,d2bk9a_,1,112.76419067382812,0.7671033379171981,0.9739609360694885,152,0.9145996624008739
d1fjna_,d4jtdy_,1,27.51054573059082,0.743528262988941,0.96064293384552,37,0.8711475269030325
d2j9qb_,d3chma1,1,58.38602066040039,0.6950716745285761,0.8695669174194336,85,0.800574820085519
d1jx7a1,d4kvxa_,0,40.585575103759766,0.34987564744620486,0.7776966094970703,122,0.7113216463080152
d1qd1a2,d2fk4a1,0,47.4309196472168,0.7297064561110277,0.9182373285293579,65,0.8403348148111089
d1gdta1,d2dpya1,0,21.884716033935547,0.508946884510129,0.9044463038444519,43,0.8184941444806056
d1i58a_,d1uila1,0,31.61748695373535,0.3161748695373535,0.743745744228363,109,0.6774558710785771
d2hwja1,d2i53a1,0,14.80698299407959,0.10282627079221937,0.16484394669532776,147,0.15023973031351728
d1svva_,d2hld1_,0,22.767457962036133,0.6153367016766522,0.7935582995414734,43,0.7190207483645606
d3od4a_,d6wgwa_,0,121.69174194335938,0.355823806851928,0.8263934254646301,399,0.7850839377458441
d1kqfb2,d1yaca_,0,27.729068756103516,0.6162015279134114,0.8289827704429626,49,0.7527340336472956
d2y7pa1,d3pu5a1,1,108.98017120361328,0.5140574113377985,0.9347233772277832,220,0.8778892305358285
d1iuqa1,d1lqra_,0,22.84025764465332,0.6525787898472377,0.8763582706451416,36,0.7935675917072408
d1mixa2,d5u1ma_,1,47.47138977050781,0.5159933670707371,0.7139615416526794,101,0.6565015435812033
d1xjua1,d3juba_,0,64.01191711425781,0.4267461140950521,0.82877516746521,157,0.7659386851873372
d1dx5i3,d1j26a1,0,22.256622314453125,0.5564155578613281,0.8944397568702698,42,0.8096255176345151
d2qrda_,d2x4ka1,0,33.89352798461914,0.5556316063052318,0.8478596806526184,61,0.77199846891917
d1eera_,d2xaua1,0,102.3812026977539,0.6167542331189995,0.901882529258728,182,0.8458968799552156
d2ylba_,d6k61m_,0,9.712837219238281,0.3133173296528478,0.544908881187439,33,0.4904179930686951
d2b5xa1,d6ohka1,0,74.31536865234375,0.5196878926737325,0.9263609647750854,150,0.8575687632901983
d3epqa1,d5tkwa2,1,50.85212326049805,0.5845071639137707,0.8458115458488464,88,0.7764143290242791
d1ccza1,d5tzma_,1,48.39012908935547,0.5376681009928386,0.9012843370437622,93,0.8254311533256032
d2aeua1,d2e7ja_,1,238.57858276367188,0.6554356669331645,0.9725239872932434,374,0.9597427491069097
d1q90l_,d6qm7k_,0,18.692758560180664,0.5841487050056458,0.8506714105606079,32,0.7689186334581818
d2h00a1,d3ci0k1,0,15.765082359313965,0.22204341351146428,0.31353461742401123,67,0.2844149551069313
d2vmha_,d3og2a4,1,88.26727294921875,0.6004576391103317,0.9421769976615906,162,0.8769526465336311
d2zgya2,d3epqa1,1,62.96290969848633,0.5335839804956468,0.9300454258918762,131,0.8566947437378544
d2k2ca1,d7cbea_,0,45.7362174987793,0.5577587499851133,0.9228324890136719,88,0.8438449682766732
d1t4wa_,d3e05a_,0,110.85084533691406,0.5803709179943145,0.9066252708435059,191,0.8532913745701294
d1ly1a_,d1xjca_,1,82.68184661865234,0.543959517227976,0.9082669019699097,165,0.8443720573096035
d1sd4a_,d2foka1,1,76.71466827392578,0.628808756343654,0.9147564768791199,122,0.8480102722724838
d1fjgs_,d1t1ea2,0,58.1276741027832,0.6919961202712286,0.896763265132904,86,0.8249561809097782
d1hbga_,d2la6a1,0,48.3805046081543,0.5436011753725202,0.9121817350387573,93,0.835235259259074
d1uapa1,d2e2dc2,1,87.34927368164062,0.6719174898587741,0.9658263325691223,131,0.8978982272006051
d4n9sa2,d6zmbb_,0,88.85738372802734,0.5588514699875934,0.9508463740348816,192,0.8849728869428679
d1sd4a_,d2od5a1,1,55.471519470214844,0.6095771370353279,0.9385828375816345,92,0.8616134464162138
d1sd4a_,d2ve8a_,1,39.66197204589844,0.5919697320283349,0.9383503794670105,73,0.8555691502501761
d2vmha_,d3ea6a1,0,54.825130462646484,0.6526801245553153,0.8660086393356323,84,0.7960580948107748
d1sd4a_,d2p8ta1,1,44.954315185546875,0.6515118142832881,0.9450729489326477,80,0.8635727929451323
d1m7ga_,d3l0ob2,1,113.03106689453125,0.5434185908390925,0.9476361870765686,251,0.8910058886050101
d1ez3a_,d1t2ha_,0,53.57343292236328,0.5580565929412842,0.8998399376869202,98,0.8260442791902296
d2c5sa1,d2gm3a1,1,68.34563446044922,0.39968207286812407,0.8649906516075134,195,0.8001321356563658
d1wxxa1,d3fdea1,1,40.4224853515625,0.6316013336181641,0.9372029900550842,65,0.8548171946531335
d2dpwa1,d6lgta1,0,105.28128051757812,0.5317236389776673,0.8736710548400879,208,0.8215769313285188
d1cvra1,d2cxka1,1,21.718727111816406,0.2648625257538586,0.42580339312553406,84,0.3876542606332278
d1ly1a_,d1odfa_,1,96.43295288085938,0.6344273215846011,0.9693642258644104,172,0.9044349907010315
d1u5tb1,d2od5a1,1,64.6818618774414,0.7107896909608946,0.9683789014816284,92,0.8918293130876187
d1f00i1,d4i0ua2,0,28.171504974365234,0.4401797652244568,0.8294744491577148,66,0.75333984153939
d1v8ha1,d2cxka1,1,19.70982551574707,0.24036372580179355,0.42684605717658997,89,0.38785120066684314
d2h00a1,d3gu3a_,1,43.942378997802734,0.17576951599121093,0.3363754153251648,261,0.31537152113909567
d1x7yb1,d4n2ka2,0,69.0811538696289,0.38592823390854136,0.6982007026672363,191,0.6502926515845658
d1ug3a2,d5o9zv_,1,81.08568572998047,0.638469966377799,0.9154016971588135,130,0.8502042522164434
d2cxka1,d6xlra3,1,22.035978317260742,0.2687314428934237,0.46143069863319397,94,0.41983592859346214
d1eera_,d2a4ha1,0,72.30583190917969,0.6179985633263221,0.9310214519500732,120,0.8610215097114018
d1uufa2,d7mf4a2,1,73.85936737060547,0.4396390914916992,0.9219242334365845,170,0.8534074013606456
d4cvra_,d6zmbb_,1,89.85891723632812,0.5760187002328726,0.9522706866264343,162,0.8866244203504049
d1ecsa_,d6wfia_,1,69.29569244384766,0.5774641036987305,0.9546007513999939,139,0.881131878645109
d1hn0a2,d3og2a4,1,118.14315795898438,0.6420823802118716,0.9503688812255859,185,0.8953521149834196
d1u5tb1,d2p8ta1,1,48.98191833496094,0.7098828744197238,0.962800920009613,69,0.8810144991668719
d1w0na_,d2vmha_,1,79.48867797851562,0.6624056498209635,0.966072142124176,128,0.8952182193568287
d2cxka1,d6nfra_,1,21.634977340698242,0.26384118708168586,0.4759001135826111,94,0.4327103981699936
d2v4ja1,d2wqpa1,0,45.613746643066406,0.5631326746057581,0.9198048710823059,93,0.8410749098505691
d1sr9a2,d4i6ka_,0,116.75603485107422,0.43728852004147645,0.884932816028595,311,0.8359476884777293
d3cx5e2,d3gmza_,0,36.6816520690918,0.6550295012337821,0.7997735738754272,56,0.7297500306046147
d1ghea_,d4wn5a1,0,39.756473541259766,0.37155582748840904,0.8581004738807678,113,0.7833791144089
d1ufoa_,d1uwca1,1,128.15054321289062,0.538447660558364,0.8838773369789124,254,0.8392033117415605
d1q2la1,d1sr9a2,0,103.2622299194336,0.4509267682071336,0.8578860759735107,253,0.806625246880887
d2g1pa_,d3e05a_,1,96.90198516845703,0.5073402364840682,0.9499547481536865,204,0.8871395740491341
d1z5za1,d3l0ob2,1,131.42840576171875,0.5386410072201588,0.95840984582901,276,0.907492383140901
d1hula_,d2ilka_,1,84.11283111572266,0.7788225103307653,0.9713390469551086,108,0.901665144252807
d1qf8a_,d2pkfa1,0,96.66534423828125,0.5587592152501807,0.9206806421279907,199,0.8607055377530591
d2g1pa_,d3gu3a_,1,137.28448486328125,0.5122555405346315,0.9249050617218018,279,0.8794994747158306
d2owpa1,d3d9ra1,1,88.29568481445312,0.689810037612915,0.9760298728942871,133,0.9074307206669823
d1vq8t1,d2joya1,1,47.605804443359375,0.49589379628499347,0.8561666011810303,106,0.7845357077412246
d1mixa2,d1t77a2,1,54.47835922241211,0.5921560785044795,0.9258262515068054,110,0.8497659573276103
d1wlga_,d2ctoa1,0,49.592655181884766,0.6199081897735595,0.9202796816825867,81,0.8429707991404203
d2g0ta1,d3l0ob2,1,164.34304809570312,0.578672704562335,0.9680385589599609,302,0.9283065612254846
d1eara1,d1swva_,0,43.451942443847656,0.5871884114033467,0.9237683415412903,83,0.8438441414291198
d1hn0a2,d1w0na_,1,82.87237548828125,0.6906031290690104,0.9623623490333557,130,0.8931282812200515
d1eera_,d2ilka_,1,119.1561508178711,0.7687493601152974,0.9749784469604492,163,0.9178746057067069
d1vdwa_,d4i6ya2,0,58.77027893066406,0.5342752630060369,0.9188767671585083,117,0.8450955092288175
d1qd1a2,d2e7ja_,0,90.55408477783203,0.6202334573824112,0.8627674579620361,150,0.8063280912142924
d1hw1a1,d2od5a1,1,30.147809982299805,0.407402837598646,0.8093005418777466,74,0.735912751652864
d1qbaa1,d6uyba_,1,70.08684539794922,0.6674937656947545,0.8870643973350525,105,0.8206411635280436
d1gvna_,d2qqra2,0,38.517921447753906,0.6878200258527484,0.9235101342201233,56,0.8417906763790177
d2bhua1,d3vypa1,1,59.76740646362305,0.616158829521887,0.9554969072341919,105,0.8784216611879112
d1fjge1,d1tafb_,0,50.692726135253906,0.7241818019321986,0.9577861428260803,71,0.877132635043897
d1pxea_,d6ohka1,0,32.47364807128906,0.6765343348185221,0.8914622664451599,48,0.8107167382231999
d3jb9a5,d5s5df1,0,66.4226303100586,0.8739819777639288,0.967024028301239,76,0.891252420619769
d1vq8a1,d1vq8t1,1,60.08466339111328,0.5049131377404478,0.8604598641395569,126,0.7930054175180076
d1t3ka_,d4i0ua2,0,23.901018142700195,0.37345340847969055,0.790191650390625,64,0.7164091454107065
d2a4ha1,d2b5xa1,1,56.71867370605469,0.48477498894063836,0.9288769960403442,126,0.8533384962953361
d1ghea_,d1ylea1,1,92.05775451660156,0.5415162030388327,0.9622827768325806,184,0.8964468617651358
d2w40a1,d2zgya2,1,85.20738983154297,0.5227447228929016,0.9273148775100708,168,0.8624473781364644
d1odfa_,d2xaua1,1,141.86305236816406,0.5293397476424032,0.9619813561439514,284,0.9145580252216303
d2hqya1,d4kvxa_,1,50.87104415893555,0.3346779220982602,0.8375452160835266,163,0.7689816156756986
d1mp1a1,d1sb7a1,0,61.64683532714844,0.57080403080693,0.915549635887146,115,0.8431627880047678
d1daba_,d2la6a1,0,47.17918014526367,0.5301031476995918,0.8906152248382568,92,0.8153820079435198
d1ly1a_,d2g0ta1,1,94.56707763671875,0.6221518265573602,0.968890368938446,155,0.9033198508906948
d1wvfa1,d2ve8a_,0,40.945831298828125,0.6111318104302705,0.949346661567688,68,0.8659396587178909
d1ijya_,d2n9ua1,0,45.57957458496094,0.3736030703685323,0.8797264695167542,123,0.8049917360106496
d1svva_,d2e7ja_,1,199.10008239746094,0.585588477639591,0.9293089509010315,363,0.9062782514657581
d6zmbb_,d7diea_,1,103.80422973632812,0.6329526203434642,0.9478449821472168,169,0.8877883070242281
d2vxxa_,d6vk6b_,1,108.54045867919922,0.6310491783674373,0.9431236982345581,189,0.8852872276705899
d1utya_,d2uuia1,0,92.7865982055664,0.6355246452436055,0.8828781247138977,147,0.8252516809173749
d2a0ba_,d5afwa2,0,41.82206344604492,0.5974580492292132,0.9374143481254578,82,0.8555239817070209
d1xjca_,d1z5za1,1,79.06916046142578,0.4792070330995502,0.8919148445129395,188,0.8283218134314398
d1odfa_,d1xjca_,1,90.5587158203125,0.5488407019412879,0.8992571830749512,201,0.8391705530692248
d1q40b_,d3d9ra1,1,78.40359497070312,0.5939666285659327,0.9478775858879089,134,0.8784426297119071
d2p7ia_,d3e05a_,1,98.71134948730469,0.5168133481010717,0.9436692595481873,210,0.8821504454853407
d1jfla1,d2c5sa1,0,56.783302307128906,0.49376784614894703,0.9239214658737183,132,0.848902372662307
d2llda_,d4jtdy_,1,28.137121200561523,0.7604627351503115,0.962209165096283,38,0.8727883953118616
d1fo8a_,d2i49a_,0,139.56822204589844,0.40690443745159893,0.8294426202774048,353,0.7944261730171
d1oz2a1,d2qqra2,1,32.997047424316406,0.5892329897199359,0.9507488012313843,56,0.8642677989455392
d1c01a_,d1x7yb1,0,32.66575622558594,0.42981258191560445,0.7500465512275696,87,0.6835134989727003
d1hw1a1,d2p8ta1,1,29.954458236694336,0.4341225831404976,0.8042424917221069,69,0.7312891430752173
d1hn0a2,d2vmha_,1,93.0748519897461,0.6331622584336469,0.9420452117919922,153,0.878608449746497
d2bjfa_,d3gmza_,0,142.7496795654297,0.453173585921999,0.9112781286239624,326,0.8692523622090363
d2r42a2,d3pu5a1,0,78.89201354980469,0.46407066794002755,0.8936424255371094,180,0.8298112538942509
d1aoca_,d1ug3a2,0,87.46517944335938,0.6887022003414124,0.9368817210197449,129,0.8718908560092423
d2a2ra1,d2hrkb_,1,52.85209274291992,0.43679415490016466,0.752824068069458,133,0.6934637599163649
d1lsha2,d1vi7a2,0,46.52447509765625,0.6646353585379464,0.9326447248458862,70,0.8529669154317421
d1j2ia1,d3e05a_,0,73.7119369506836,0.4494630301870951,0.9273557066917419,180,0.8582413127747359
d1wjwa1,d2fk4a1,0,39.45574188232422,0.6070114135742187,0.9305180311203003,87,0.8484439200557795
d4cvra_,d6vk6b_,1,89.10626983642578,0.5711940374129858,0.9106123447418213,183,0.8488541209768741
d1w99a3,d2yima_,0,79.82869720458984,0.469580571791705,0.7687185406684875,188,0.7177254744095006
d1ne9a1,d4kvxa_,1,59.865718841552734,0.393853413431268,0.7733440399169922,155,0.7145203663324767
d1zt5a_,d2llda_,0,21.89847755432129,0.5474619388580322,0.9119641184806824,40,0.8252652568388074
d2o14a1,d2vmha_,1,91.0689926147461,0.6237602233886719,0.9625399708747864,147,0.8963133981501215
d1nppa2,d2joya1,1,33.170509338378906,0.571905333420326,0.9281640648841858,57,0.8440055586107037
d1odfa_,d4tmza1,1,134.4277801513672,0.5844686093537704,0.9601924419403076,244,0.9102037469727206
d2foka1,d2ve8a_,1,42.017738342285156,0.6271304230191814,0.895870566368103,67,0.8182067990055303
d1ly1a_,d2eyqa5,1,80.4469223022461,0.5292560677779349,0.9437854886054993,208,0.8755139058297814
d2eyqa5,d4tmza1,1,106.61734008789062,0.5052954506535101,0.9385299682617188,231,0.8804430743955349
d2euia1,d4kvxa_,1,70.82568359375,0.4659584446957237,0.8384143710136414,160,0.7771288347311626
d1ghea_,d4kvxa_,1,69.88118743896484,0.4597446542037161,0.8209407329559326,173,0.7610539600972266
d1nria_,d6q7da_,0,83.35115814208984,0.33609337960520097,0.8705297112464905,280,0.8106556192240565
d1c6wa_,d2df7a1,0,21.992467880249023,0.6664384206136068,0.8900031447410583,33,0.8055350709939664
d1z1wa4,d5o9zv_,1,177.2884521484375,0.6092386671767611,0.8758348226547241,312,0.8501011669681556
d1h32a2,d3qy3a1,0,47.894405364990234,0.4314811294143264,0.8804286122322083,127,0.8064780362697225
d1eera_,d1evsa_,1,131.0575408935547,0.7895032583949078,0.9880074858665466,178,0.9339933781148123
d1e7la1,d1q25a1,0,38.192840576171875,0.7072748254846644,0.9498673677444458,54,0.8653922037267963
d2disa1,d2la6a1,1,45.79085922241211,0.5145040362068777,0.8659882545471191,90,0.792705324756278
d3e05a_,d3gu3a_,1,111.60797119140625,0.5843349277036977,0.9370861053466797,186,0.8809855702356075
d1x7yb1,d1xk5a_,0,73.86094665527344,0.3867065269909604,0.832324206829071,205,0.7727679603058687
d1m2da_,d2c0ga2,1,57.99874496459961,0.574244999649501,0.9370080232620239,105,0.86112887727596
d1e0fi_,d1w0na_,0,40.64487075805664,0.7130679080360814,0.9215949177742004,57,0.8408520089579533
d1fnoa3,d3ov9a_,0,77.17684936523438,0.6829809678339325,0.9075338244438171,113,0.8416804696872937
d1vl5a_,d2g1pa_,1,109.37486267089844,0.47348425398657334,0.9461514353752136,260,0.8883201579944229
d1eara1,d1y60a_,0,54.29841613769531,0.7337623802391259,0.9277833700180054,76,0.8514609495001855
d2qyfa_,d3txna1,0,90.6842041015625,0.46032590914498733,0.9066900610923767,276,0.8459064592625413
d1q25a1,d1w99a3,0,87.73512268066406,0.7132936803306021,0.9580366015434265,125,0.8910298807714503
d1c01a_,d1nowa2,0,54.990665435791016,0.7235613873130397,0.9395471215248108,77,0.8623038254351404
d1v6ta_,d3bvxa3,1,118.45792388916016,0.4663697790911817,0.8985323905944824,276,0.8488154491382638
d1n52a3,d5o9zv_,1,164.38783264160156,0.5302833311019405,0.9468392729759216,350,0.9092437331922756
d1ccza1,d3qjhb1,1,51.724613189697266,0.5561786364483577,0.9354992508888245,108,0.857455287446823
d1vq8l1,d3ntxa_,0,65.15560150146484,0.4343706766764323,0.7843598127365112,179,0.7263869839171093
d1cvra1,d6nfra_,1,53.5639762878418,0.6532192230224609,0.9377229809761047,95,0.8601355278383438
d2f9wa2,d2zgya2,1,70.42634582519531,0.6177749633789062,0.9386488199234009,131,0.8671924487389236
d1cyxa_,d7cohf_,0,50.843875885009766,0.5587239108242832,0.9028922915458679,97,0.8277839561601208
d1odfa_,d2g0ta1,1,172.148193359375,0.6019167599978147,0.9664178490638733,300,0.9297286927770775
d1ylea1,d2hqya1,1,81.21804809570312,0.49523200058355565,0.9367809891700745,193,0.8694944681330936
d3juba_,d6xlra3,0,48.503631591796875,0.4755257999195772,0.8259294629096985,106,0.7576536587984805
d1odfa_,d4kvxa_,0,53.060001373291016,0.3490789564032304,0.7786905169487,158,0.7168203000887681
d1ug3a2,d1z1wa4,1,85.51976776123047,0.673383998119925,0.9545727968215942,133,0.8870947998619371
d1ne9a1,d1z4ea1,1,71.30602264404297,0.4753734842936198,0.9260592460632324,150,0.8561865087322533
d2f6mb2,d6xlra3,0,61.85749053955078,0.6064459856818704,0.9329017996788025,105,0.8588574853235355
d1hula_,d1q4ga1,0,83.0098648071289,0.7686098593252676,0.931881308555603,108,0.8657460901836134
d1fjgk_,d3d9ra1,0,57.334983825683594,0.48180658677045035,0.8955187797546387,120,0.8235435731234407
d2vxxa_,d6zmbb_,1,101.32122802734375,0.5890769071357195,0.9561996459960938,176,0.8943910631243549
d1xjca_,d2xaua1,1,76.56814575195312,0.4640493681936553,0.9132487177848816,184,0.8465992096646117
d1vkha1,d1vmoa_,0,78.16169738769531,0.47951961587543135,0.8928958177566528,175,0.8288697573634476
d1sr9a2,d2wqpa1,1,133.50888061523438,0.4768174307686942,0.9170778393745422,311,0.8710614516371367
d1m7ga_,d1odfa_,1,125.39336395263672,0.6028527113107535,0.9679964780807495,227,0.9138929022521203
d1c8ua1,d2yc3a1,0,38.957550048828125,0.341732895165159,0.8791610598564148,132,0.8020387702480797
d1e0fi_,d1yfsa2,0,37.91407012939453,0.6651591250770971,0.8496990203857422,61,0.7751378008129395
d2hwja1,d2it9a1,0,89.74373626708984,0.735604395631884,0.9548049569129944,123,0.8888627519160464
d1v8ha1,d6xlra3,1,64.50142669677734,0.6323669283997779,0.9619846940040588,106,0.886007930244538
d2zgya2,d5tkwa2,1,59.576026916503906,0.6847819185805046,0.9039313197135925,92,0.8319419968928061
d4a2wa3,d4oh3a_,0,52.832271575927734,0.5805744129222828,0.8594909310340881,91,0.789456620867734
d1ly1a_,d3l0ob2,1,85.9218978881836,0.5652756440012079,0.9411174654960632,163,0.8751334223005929
d1j2ia1,d3l0ob2,1,77.17357635498047,0.47057058753036873,0.9232625961303711,180,0.8558351561826725
d1j2ia1,d2eyqa5,1,70.67361450195312,0.4309366737923971,0.9268878102302551,203,0.8566988034413514
d1z5za1,d2g0ta1,1,136.77890014648438,0.5605692628954277,0.9632506966590881,266,0.9138239418788785
d1vl5a_,d3e05a_,1,99.30440521240234,0.5199183518973944,0.9623998403549194,199,0.8992268568233519
d1rwza2,d6q7da_,0,50.86207962036133,0.4169022919701748,0.8762076497077942,127,0.8037744972511508
d3vypa1,d4cvra_,0,56.30436325073242,0.5072465157723641,0.9183385968208313,120,0.8437010207765072
d1evsa_,d2ilka_,1,113.71150970458984,0.7336226432554184,0.9661577343940735,170,0.907926423159223
d6nfra_,d6uyba_,1,55.89242172241211,0.5762105332207434,0.8315278887748718,97,0.7654193416518541
d1hw1a1,d1t2ha_,0,26.955110549926758,0.3642582506746859,0.8040418028831482,75,0.7300015056441644
d6fuca_,d6q7da_,1,111.82476806640625,0.4111204708323759,0.8824515342712402,297,0.8318944729761529
d1j7qa_,d2dpya1,0,40.40406799316406,0.5534803834680009,0.8903385996818542,77,0.8126324457266376
d4ekfa_,d4kvxa_,0,50.42371368408203,0.3317349584479081,0.7067188620567322,156,0.6510727936007931
d1c8ua1,d3qy3a1,1,43.229759216308594,0.37920841417814555,0.8446182012557983,118,0.7725270104359997
d1ufoa_,d1vkha1,1,138.2928009033203,0.5810621886694131,0.9032238125801086,260,0.8603585059014883
d1em8b_,d1v9fa_,0,54.603511810302734,0.49639556191184303,0.8780599236488342,132,0.8068224543333241
d1krha1,d6zr5c_,0,11.167625427246094,0.3102118174235026,0.6514022946357727,36,0.5867990072470453
d1m7ga_,d2eyqa5,1,101.7433090209961,0.4891505241394043,0.9534203410148621,213,0.8920454728600342
d1orjb_,d4affa1,0,56.636356353759766,0.5393938700358073,0.8844563961029053,111,0.8133295741628839
d1rwza2,d2bjfa_,0,66.42105102539062,0.544434844470415,0.91301029920578,129,0.8426394815418708
d2a4ha1,d2c0ga2,1,66.12332153320312,0.5651565943008814,0.9474905729293823,118,0.8735618400823654
d2cqna1,d4n9sa2,0,34.05751037597656,0.5321485996246338,0.9134467840194702,65,0.831087385567118
d1v58a1,d2a4ha1,1,62.71113204956055,0.5359925816201756,0.9309315085411072,133,0.8573992904970474
d1wixa1,d6lgta1,0,72.64154815673828,0.48106985534263763,0.8829126954078674,163,0.8178475370167416
d1kqfb2,d3chma1,0,37.20317077636719,0.8267371283637153,0.9565032124519348,45,0.870999190618043
d1eara1,d1txda2,0,42.79864501953125,0.5783600678315034,0.9058851599693298,81,0.8275081550298717
d1ut7a1,d2dpya1,0,37.38536834716797,0.5121283335228489,0.8790726065635681,73,0.8013788919054456
d1z5za1,d4tmza1,1,111.60617065429688,0.4852442202360734,0.9469606876373291,245,0.8898720297440109
d1svva_,d3f0ha1,1,197.99180603027344,0.5823288412655101,0.9741409420967102,360,0.9462179941635271
d1z4ea1,d2hqya1,1,73.91510772705078,0.4927673848470052,0.9478195309638977,151,0.8767337421248064
d2cxka1,d6uyba_,1,16.64761734008789,0.2030197236596084,0.3629622161388397,82,0.3292255253255355
d1wxxa1,d3l0ob2,0,43.475467681884766,0.6793041825294495,0.9171217679977417,65,0.8378709080777808
d6uyba_,d6xlra3,1,65.03357696533203,0.6375840878954121,0.8692274689674377,102,0.8027228369674121
d2aeua1,d3ei9a1,1,210.91152954101562,0.5762610096749061,0.9371362924575806,395,0.9176822995751551
d1cz9a_,d2bjfa_,0,58.83424758911133,0.423267968266988,0.8659042119979858,142,0.7974438195256452
d1e9ga_,d2c0ga2,0,78.57484436035156,0.6440561013143571,0.9550549387931824,123,0.8849654530923368
d2v4ja1,d2vxxa_,0,48.87939453125,0.6034493152006173,0.9296102523803711,86,0.8511050581918821
d2ilka_,d2w6ka1,0,81.98255157470703,0.5898025293144391,0.8920687437057495,142,0.8295356148063231
d1jjcb6,d1zc3b_,0,48.71748352050781,0.44694939009640194,0.8505315184593201,112,0.7798744385629033
d1nppa2,d1vq8t1,1,36.907318115234375,0.6363330709523168,0.8263700604438782,62,0.7537701587122587
d1pt7a_,d2bcoa1,0,171.60968017578125,0.5062232453562868,0.9338344931602478,355,0.9002049147446214
d1bkba1,d1vq8t1,1,36.26654052734375,0.5107963454555458,0.8668447136878967,72,0.7899608445447226
d3jb9a5,d3qy3a1,0,61.743133544921875,0.4749471811147837,0.8378567099571228,130,0.7732746969993187
d1tuza_,d5suva1,0,69.18317413330078,0.5862980858754303,0.8848020434379578,125,0.8182715125372689
d1bkba1,d1vq8a1,1,38.114017486572266,0.5368171476982009,0.9057671427726746,78,0.8256729087471607
d2gsva1,d3gu3a_,0,51.94406509399414,0.7752845536417036,0.9340842366218567,69,0.8562627712493447
d2f9wa2,d5tkwa2,1,63.65534591674805,0.7316706427212419,0.9307034015655518,87,0.8575424904126234
d1daba_,d6w7ja1,0,88.26101684570312,0.4669895071201223,0.8623383641242981,199,0.8050955673093542
d1fjgs_,d3jb9a5,0,69.4360580444336,0.8266197386242095,0.9540844559669495,84,0.880719019744456
d1sb7a1,d1v9fa_,1,108.2164306640625,0.43286572265625,0.8911141753196716,278,0.838359062817737
d1mixa2,d1u5ea1,1,50.5664176940918,0.5496349749357804,0.9009779095649719,92,0.8259586064216602
d1i8ua_,d2hnua_,0,36.758514404296875,0.45380881980613424,0.8186513781547546,85,0.7467684232739004
d1m7ga_,d1tuza_,0,74.34283447265625,0.630024020954714,0.9363996386528015,134,0.8666137070320565
d1vcsa1,d4duia1,0,55.89726638793945,0.6280591728981961,0.9108327627182007,97,0.8367955162994516
d1k2ea1,d2i8ta_,1,73.44641876220703,0.5136113200154337,0.8805909752845764,134,0.8160550554413118
d1hbga_,d2llda_,0,24.851972579956055,0.6212993144989014,0.9099950194358826,40,0.824583161595588
d1hn0a2,d3ea6a1,0,64.87967681884766,0.7723771049862816,0.9458503127098083,87,0.8716265939339877
d1vl5a_,d2h00a1,1,46.65685272216797,0.20197771741198256,0.4117913842201233,253,0.3842477676068774
d2hl0a_,d5xaqa_,1,87.28207397460938,0.610364153668597,0.8497827649116516,143,0.7934342138325319
d2bogx_,d2hld1_,0,26.166259765625,0.7071962098817568,0.861468493938446,37,0.7813943737513742
d3jb9a5,d4z9ha_,0,133.0862579345703,0.8065833814216382,0.966768205165863,166,0.9156267967014025
d1w0na_,d1w99a3,1,86.90753936767578,0.7242294947306315,0.9560446739196777,133,0.888931696430392
d1svva_,d3ei9a1,1,197.64544677734375,0.5813101375804228,0.953874409198761,368,0.927850278176931
d2g0ta1,d4tmza1,1,125.5245132446289,0.545758753237517,0.9586372971534729,254,0.9055180447954605
d1hw1a1,d2z0aa_,0,28.051040649414062,0.3895977867974175,0.7457596063613892,74,0.6779520213173925
d2it9a1,d6w7ja1,0,64.30711364746094,0.5271074889136143,0.8304661512374878,189,0.7675695235132359
d1nppa2,d1u3oa_,0,27.25664710998535,0.4699421915514716,0.8463029861450195,64,0.7681478635263475
d1m7ga_,d1xjca_,1,88.74132537841797,0.5378262144146544,0.9260386228561401,184,0.8626030753608575
d1t4wa_,d6e85a1,0,126.8956527709961,0.6474267998520209,0.9206938743591309,214,0.8718750327915178
d1rwza2,d5m0yb1,0,57.549644470214844,0.6057857312654195,0.9177153706550598,105,0.8435997331893339
d1u5tb1,d2ve8a_,1,41.65016555786133,0.6216442620576318,0.9280292987823486,67,0.8470139921807578
d2foka1,d6wgwa_,0,82.58453369140625,0.5941333359093974,0.8818916082382202,140,0.8205983761043713
d2dxua2,d2g1pa_,0,26.748306274414062,0.5691128994556184,0.8979736566543579,48,0.8144638454591717
d3mu7a_,d6fmea1,1,146.62591552734375,0.5370912656679259,0.940475344657898,302,0.8969605213703902
d1rp3a1,d3r0na1,0,40.6344108581543,0.5277196215344714,0.819638192653656,86,0.749087095746026
d1hn0a2,d1w99a3,1,130.1842498779297,0.7657897051642922,0.9795466661453247,191,0.9260563208093013
d1eera_,d2i5ia1,0,105.86890411376953,0.6377644826130695,0.8910514116287231,181,0.8374361361270866
d1m7ga_,d4tmza1,1,107.1757583618164,0.5152680690471942,0.9618470072746277,229,0.9016345139180805
d2ns9a1,d3ryca1,0,75.31449890136719,0.5123435299412734,0.8698375821113586,149,0.8070664839584412
d2eyqa6,d2f48a_,0,100.83775329589844,0.6382136284550534,0.9515397548675537,160,0.89001871731595
d2zgya2,d4hwsa1,0,84.24732971191406,0.5168547835086752,0.9140810966491699,188,0.8501826305369042
d2i5ia1,d3bvxa3,1,133.85667419433594,0.5128608206679538,0.9350747466087341,298,0.8873870339161734
d1v6ta_,d2i5ia1,1,139.1484832763672,0.5478286743164062,0.9273425340652466,270,0.8823811756896855
d2f9wa2,d3bvxa3,0,64.91184997558594,0.5694021927682977,0.9108648896217346,129,0.8401515878189773
d1j2ia1,d1xjca_,1,73.10411071777344,0.4457567726693502,0.8857585191726685,166,0.8205795038068103
d1wf3a2,d2eyqa6,0,71.33342742919922,0.6045205714338917,0.933894693851471,122,0.8632485264663555
d1j2ia1,d3brfa3,0,76.3066177368164,0.4739541474336423,0.8086993098258972,164,0.7524082161519816
d2eyqa5,d3l0ob2,1,111.06281280517578,0.526364041730691,0.9587165117263794,226,0.9002517256063615
d1y60a_,d2xhia2,0,56.404571533203125,0.3357414972214472,0.5894721746444702,175,0.5477582262998001
d2la6a1,d5lj3n1,1,51.94507598876953,0.5836525391996576,0.9106411337852478,91,0.8351643518035852
d1evsa_,d1wi5a1,0,59.17152404785156,0.5582219249797318,0.9017409086227417,107,0.8298213305334774
d2ppxa1,d4oh3a_,0,28.59834098815918,0.46126356432514803,0.8621785640716553,62,0.7829310841924619
d1m2da_,d2b5xa1,1,49.83049011230469,0.49337118923073947,0.9227535128593445,105,0.845285028761319
d1rkta1,d3chma1,0,44.52643966674805,0.5497091316882475,0.8584174513816833,82,0.7854249222519128
